{"train_loss":1.9827762777082485,"train_accuracy":0.84321608040201,"valid_loss":1.9039097681045531,"valid_accuracy":0.9253333333333333,"_timestamp":1.7429858031186082e+09,"_wandb":{"runtime":5521},"_runtime":5520.1103111,"_step":99}