{"_wandb":{"runtime":806},"_step":9,"train_loss":2.136503070882417,"train_accuracy":0.7105527638190955,"valid_loss":2.107552866299947,"valid_accuracy":0.7326666666666667,"_timestamp":1.7434572479536283e+09,"_runtime":804.7315923}