{"train_loss":1.8862924705997384,"train_accuracy":0.9319932998324958,"valid_loss":1.8810528259277344,"valid_accuracy":0.9333333333333333,"_timestamp":1.7433673974714673e+09,"_runtime":43960.6277361,"_step":29,"_wandb":{"runtime":43961}}