{"valid_accuracy":0.8453333333333334,"_timestamp":1.7434613429062161e+09,"_runtime":3946.1537501,"_wandb":{"runtime":3960},"_step":9,"train_loss":2.0932040501279845,"train_accuracy":0.7336683417085427,"valid_loss":1.9761229670842488}