{"train_accuracy":0.6911222780569515,"valid_loss":2.1115895586013793,"_wandb":{"runtime":629},"valid_accuracy":0.702,"_timestamp":1.7429510394755921e+09,"_runtime":628.7580541,"_step":9,"train_loss":2.1290757835011185}