{"train_accuracy":0.7731993299832496,"valid_loss":1.9775684792200725,"valid_accuracy":0.838,"_wandb":{"runtime":1701},"_timestamp":1.7429528284614904e+09,"_runtime":1700.6093255,"_step":29,"train_loss":2.0437388913715306}