{"_step":49,"train_loss":2.02032670378685,"train_accuracy":0.7983249581239531,"_wandb":{"runtime":18338},"valid_loss":2.0200244188308716,"valid_accuracy":0.7953333333333333,"_timestamp":1.742917815385855e+09,"_runtime":18337.487138}