{"_timestamp":1.742898891126906e+09,"_runtime":580.3747626,"valid_accuracy":0.3393333333333333,"train_loss":2.6306446293989816,"_wandb":{"runtime":581},"valid_loss":2.607440153757731,"epoch":2,"train_accuracy":0.31892797319933,"_step":1}