{"_step":199,"_wandb":{"runtime":11180},"train_loss":1.9336834479416636,"train_accuracy":0.8824120603015075,"valid_loss":1.8966050930023193,"valid_accuracy":0.9213333333333333,"_timestamp":1.7430746422654035e+09,"_runtime":11179.9580005}